{
  "html-webpack-plugin for \"index.html\"": [
    {
      "modules": {
        "byIdentifier": {
          "node_modules/html-webpack-plugin/lib/loader.js!index.html": 0,
          "node_modules/lodash/lodash.js": 1,
          "node_modules/webpack/buildin/global.js": 2,
          "node_modules/webpack/buildin/module.js": 3
        },
        "usedIds": {
          "0": 0,
          "1": 1,
          "2": 2,
          "3": 3
        }
      },
      "chunks": {
        "byName": {},
        "bySource": {},
        "usedIds": [
          0
        ]
      }
    }
  ],
  "modules": {
    "byIdentifier": {
      "node_modules/prop-types/index.js": 0,
      "node_modules/react/index.js": 1,
      "node_modules/invariant/browser.js": 2,
      "node_modules/create-react-class/index.js": 3,
      "node_modules/warning/browser.js": 4,
      "node_modules/history/lib/PathUtils.js": 5,
      "node_modules/css-loader/lib/css-base.js": 6,
      "node_modules/style-loader/lib/addStyles.js": 7,
      "node_modules/core-js/library/modules/_global.js": 8,
      "node_modules/redux/es/index.js 71328d5630aff4980dc5d254ba37c9d7": 9,
      "node_modules/core-js/library/modules/_core.js": 10,
      "node_modules/core-js/library/modules/_object-dp.js": 11,
      "node_modules/core-js/library/modules/_descriptors.js": 12,
      "node_modules/core-js/library/modules/_has.js": 13,
      "node_modules/core-js/library/modules/_to-iobject.js": 14,
      "node_modules/history/lib/LocationUtils.js": 15,
      "node_modules/core-js/library/modules/_export.js": 16,
      "node_modules/core-js/library/modules/_hide.js": 17,
      "node_modules/core-js/library/modules/_wks.js": 18,
      "node_modules/react-redux/lib/index.js": 19,
      "node_modules/@babel/runtime/helpers/classCallCheck.js": 20,
      "node_modules/@babel/runtime/helpers/createClass.js": 21,
      "node_modules/@babel/runtime/helpers/possibleConstructorReturn.js": 22,
      "node_modules/@babel/runtime/helpers/getPrototypeOf.js": 23,
      "node_modules/@babel/runtime/helpers/inherits.js": 24,
      "node_modules/object-assign/index.js": 25,
      "node_modules/webpack/buildin/global.js": 26,
      "node_modules/core-js/library/modules/_an-object.js": 27,
      "node_modules/core-js/library/modules/_is-object.js": 28,
      "node_modules/core-js/library/modules/_fails.js": 29,
      "node_modules/core-js/library/modules/_object-keys.js": 30,
      "node_modules/history/lib/Actions.js": 31,
      "node_modules/history/lib/DOMUtils.js": 32,
      "node_modules/dom-helpers/util/inDOM.js": 33,
      "node_modules/core-js/library/modules/_property-desc.js": 34,
      "node_modules/core-js/library/modules/_uid.js": 35,
      "node_modules/core-js/library/modules/_object-pie.js": 36,
      "node_modules/react-dom/index.js": 37,
      "node_modules/history/lib/useQueries.js": 38,
      "node_modules/history/lib/useBasename.js": 39,
      "node_modules/@babel/runtime/helpers/objectSpread.js": 40,
      "node_modules/react-router/es/index.js 6dc7d74ab938305bf0055effb1b01c7b": 41,
      "node_modules/history/lib/runTransitionHook.js": 42,
      "node_modules/history/lib/createHistory.js": 43,
      "node_modules/history/lib/ExecutionEnvironment.js": 44,
      "node_modules/history/lib/BrowserProtocol.js": 45,
      "node_modules/history/lib/DOMStateStorage.js": 46,
      "node_modules/core-js/library/modules/_to-primitive.js": 47,
      "node_modules/core-js/library/modules/_defined.js": 48,
      "node_modules/core-js/library/modules/_to-integer.js": 49,
      "node_modules/core-js/library/modules/_shared-key.js": 50,
      "node_modules/core-js/library/modules/_shared.js": 51,
      "node_modules/core-js/library/modules/_enum-bug-keys.js": 52,
      "node_modules/core-js/library/modules/_object-gops.js": 53,
      "node_modules/core-js/library/modules/_library.js": 54,
      "node_modules/core-js/library/modules/_iterators.js": 55,
      "node_modules/core-js/library/modules/_object-create.js": 56,
      "node_modules/core-js/library/modules/_set-to-string-tag.js": 57,
      "node_modules/core-js/library/modules/_wks-ext.js": 58,
      "node_modules/core-js/library/modules/_wks-define.js": 59,
      "node_modules/hoist-non-react-statics/index.js": 60,
      "node_modules/antd-mobile/lib/icon/index.web.js": 61,
      "node_modules/symbol-observable/index.js": 62,
      "node_modules/fbjs/lib/invariant.js": 63,
      "node_modules/react-redux/lib/utils/storeShape.js": 64,
      "node_modules/react-redux/lib/utils/warning.js": 65,
      "node_modules/lodash/_Symbol.js": 66,
      "node_modules/react-router-scroll/node_modules/prop-types/index.js": 67,
      "node_modules/dom-helpers/query/isWindow.js": 68,
      "node_modules/dom-helpers/util/requestAnimationFrame.js": 69,
      "node_modules/react-transition-group/utils/PropTypes.js": 70,
      "node_modules/antd-mobile/lib/icon/style/css.web.js": 71,
      "node_modules/babel-runtime/helpers/extends.js": 72,
      "node_modules/core-js/library/modules/_ctx.js": 73,
      "node_modules/core-js/library/modules/_ie8-dom-define.js": 74,
      "node_modules/core-js/library/modules/_dom-create.js": 75,
      "node_modules/core-js/library/modules/_object-keys-internal.js": 76,
      "node_modules/core-js/library/modules/_iobject.js": 77,
      "node_modules/core-js/library/modules/_cof.js": 78,
      "node_modules/core-js/library/modules/_to-object.js": 79,
      "node_modules/babel-runtime/helpers/defineProperty.js": 80,
      "node_modules/babel-runtime/core-js/object/define-property.js": 81,
      "node_modules/babel-runtime/helpers/classCallCheck.js": 82,
      "node_modules/babel-runtime/helpers/createClass.js": 83,
      "node_modules/babel-runtime/helpers/possibleConstructorReturn.js": 84,
      "node_modules/babel-runtime/helpers/typeof.js": 85,
      "node_modules/core-js/library/modules/_iter-define.js": 86,
      "node_modules/core-js/library/modules/_redefine.js": 87,
      "node_modules/core-js/library/modules/_object-gopn.js": 88,
      "node_modules/core-js/library/modules/_object-gopd.js": 89,
      "node_modules/babel-runtime/helpers/inherits.js": 90,
      "node_modules/classnames/index.js": 91,
      "node_modules/promise/lib/core.js": 92,
      "node_modules/lodash-es/_freeGlobal.js": 93,
      "node_modules/history/lib/createMemoryHistory.js": 94,
      "node_modules/history/lib/createBrowserHistory.js": 95,
      "node_modules/history/lib/createHashHistory.js": 96,
      "node_modules/react-router-scroll/lib/index.js": 97,
      "node_modules/react-addons-css-transition-group/index.js": 98,
      "node_modules/antd-mobile/lib/nav-bar/index.web.js": 99,
      "node_modules/file-loader/dist/cjs.js!src/containers/Main/images/ace.jpg": 100,
      "node_modules/redux-thunk/lib/index.js": 101,
      "node_modules/redux-logger/dist/redux-logger.js": 102,
      "node_modules/react/cjs/react.production.min.js": 103,
      "node_modules/react/node_modules/fbjs/lib/invariant.js": 104,
      "node_modules/react/node_modules/fbjs/lib/emptyObject.js": 105,
      "node_modules/react/node_modules/fbjs/lib/emptyFunction.js": 106,
      "node_modules/react-dom/cjs/react-dom.production.min.js": 107,
      "node_modules/react-dom/node_modules/fbjs/lib/invariant.js": 108,
      "node_modules/react-dom/node_modules/fbjs/lib/ExecutionEnvironment.js": 109,
      "node_modules/react-dom/node_modules/fbjs/lib/emptyFunction.js": 110,
      "node_modules/react-dom/node_modules/fbjs/lib/getActiveElement.js": 111,
      "node_modules/react-dom/node_modules/fbjs/lib/shallowEqual.js": 112,
      "node_modules/react-dom/node_modules/fbjs/lib/containsNode.js": 113,
      "node_modules/react-dom/node_modules/fbjs/lib/isTextNode.js": 114,
      "node_modules/react-dom/node_modules/fbjs/lib/isNode.js": 115,
      "node_modules/react-dom/node_modules/fbjs/lib/emptyObject.js": 116,
      "node_modules/react-redux/lib/components/Provider.js": 117,
      "node_modules/prop-types/factoryWithThrowingShims.js": 118,
      "node_modules/fbjs/lib/emptyFunction.js": 119,
      "node_modules/prop-types/lib/ReactPropTypesSecret.js": 120,
      "node_modules/react-redux/lib/components/connect.js": 121,
      "node_modules/react-redux/lib/utils/shallowEqual.js": 122,
      "node_modules/react-redux/lib/utils/wrapActionCreators.js": 123,
      "node_modules/symbol-observable/lib/index.js": 124,
      "node_modules/webpack/buildin/module.js": 125,
      "node_modules/symbol-observable/lib/ponyfill.js": 126,
      "node_modules/lodash/isPlainObject.js": 127,
      "node_modules/lodash/_baseGetTag.js": 128,
      "node_modules/lodash/_root.js": 129,
      "node_modules/lodash/_freeGlobal.js": 130,
      "node_modules/lodash/_getRawTag.js": 131,
      "node_modules/lodash/_objectToString.js": 132,
      "node_modules/lodash/_getPrototype.js": 133,
      "node_modules/lodash/_overArg.js": 134,
      "node_modules/lodash/isObjectLike.js": 135,
      "node_modules/create-react-class/factory.js": 136,
      "node_modules/fbjs/lib/emptyObject.js": 137,
      "node_modules/query-string/index.js": 138,
      "node_modules/strict-uri-encode/index.js": 139,
      "node_modules/history/lib/AsyncUtils.js": 140,
      "node_modules/history/lib/RefreshProtocol.js": 141,
      "node_modules/history/lib/HashProtocol.js": 142,
      "node_modules/react-router-scroll/lib/ScrollContainer.js": 143,
      "node_modules/react-router-scroll/node_modules/prop-types/factoryWithThrowingShims.js": 144,
      "node_modules/react-router-scroll/node_modules/prop-types/lib/ReactPropTypesSecret.js": 145,
      "node_modules/react-router-scroll/lib/useScroll.js": 146,
      "node_modules/react-router-scroll/node_modules/scroll-behavior/lib/index.js": 147,
      "node_modules/dom-helpers/events/off.js": 148,
      "node_modules/dom-helpers/events/on.js": 149,
      "node_modules/dom-helpers/query/scrollLeft.js": 150,
      "node_modules/dom-helpers/query/scrollTop.js": 151,
      "node_modules/react-router-scroll/node_modules/scroll-behavior/lib/utils.js": 152,
      "node_modules/react-router-scroll/lib/ScrollBehaviorContext.js": 153,
      "node_modules/react-router-scroll/lib/StateStorage.js": 154,
      "node_modules/@babel/runtime/helpers/typeof.js": 155,
      "node_modules/@babel/runtime/helpers/assertThisInitialized.js": 156,
      "node_modules/@babel/runtime/helpers/setPrototypeOf.js": 157,
      "node_modules/react-transition-group/CSSTransitionGroup.js": 158,
      "node_modules/react-transition-group/TransitionGroup.js": 159,
      "node_modules/chain-function/index.js": 160,
      "node_modules/react-transition-group/utils/ChildMapping.js": 161,
      "node_modules/react-transition-group/CSSTransitionGroupChild.js": 162,
      "node_modules/dom-helpers/class/addClass.js": 163,
      "node_modules/dom-helpers/class/hasClass.js": 164,
      "node_modules/dom-helpers/class/removeClass.js": 165,
      "node_modules/dom-helpers/transition/properties.js": 166,
      "node_modules/@babel/runtime/helpers/defineProperty.js": 167,
      "node_modules/style-loader/index.js!node_modules/css-loader/index.js!node_modules/postcss-loader/src/index.js!node_modules/less-loader/dist/cjs.js!src/containers/App/style.less": 168,
      "node_modules/css-loader/index.js!node_modules/postcss-loader/src/index.js!node_modules/less-loader/dist/cjs.js!src/containers/App/style.less": 169,
      "node_modules/style-loader/lib/urls.js": 170,
      "node_modules/antd-mobile/lib/nav-bar/style/css.web.js": 171,
      "node_modules/antd-mobile/lib/style/css.web.js": 172,
      "node_modules/style-loader/index.js!node_modules/css-loader/index.js!node_modules/postcss-loader/src/index.js!node_modules/less-loader/dist/cjs.js!node_modules/normalize.css/normalize.css": 173,
      "node_modules/css-loader/index.js!node_modules/postcss-loader/src/index.js!node_modules/less-loader/dist/cjs.js!node_modules/normalize.css/normalize.css": 174,
      "node_modules/style-loader/index.js!node_modules/css-loader/index.js!node_modules/postcss-loader/src/index.js!node_modules/less-loader/dist/cjs.js!node_modules/antd-mobile/lib/style/index.css": 175,
      "node_modules/css-loader/index.js!node_modules/postcss-loader/src/index.js!node_modules/less-loader/dist/cjs.js!node_modules/antd-mobile/lib/style/index.css": 176,
      "node_modules/style-loader/index.js!node_modules/css-loader/index.js!node_modules/postcss-loader/src/index.js!node_modules/less-loader/dist/cjs.js!node_modules/antd-mobile/lib/icon/style/index.css": 177,
      "node_modules/css-loader/index.js!node_modules/postcss-loader/src/index.js!node_modules/less-loader/dist/cjs.js!node_modules/antd-mobile/lib/icon/style/index.css": 178,
      "node_modules/style-loader/index.js!node_modules/css-loader/index.js!node_modules/postcss-loader/src/index.js!node_modules/less-loader/dist/cjs.js!node_modules/antd-mobile/lib/nav-bar/style/index.css": 179,
      "node_modules/css-loader/index.js!node_modules/postcss-loader/src/index.js!node_modules/less-loader/dist/cjs.js!node_modules/antd-mobile/lib/nav-bar/style/index.css": 180,
      "node_modules/babel-runtime/core-js/object/assign.js": 181,
      "node_modules/core-js/library/fn/object/assign.js": 182,
      "node_modules/core-js/library/modules/es6.object.assign.js": 183,
      "node_modules/core-js/library/modules/_a-function.js": 184,
      "node_modules/core-js/library/modules/_object-assign.js": 185,
      "node_modules/core-js/library/modules/_array-includes.js": 186,
      "node_modules/core-js/library/modules/_to-length.js": 187,
      "node_modules/core-js/library/modules/_to-index.js": 188,
      "node_modules/core-js/library/fn/object/define-property.js": 189,
      "node_modules/core-js/library/modules/es6.object.define-property.js": 190,
      "node_modules/babel-runtime/core-js/symbol/iterator.js": 191,
      "node_modules/core-js/library/fn/symbol/iterator.js": 192,
      "node_modules/core-js/library/modules/es6.string.iterator.js": 193,
      "node_modules/core-js/library/modules/_string-at.js": 194,
      "node_modules/core-js/library/modules/_iter-create.js": 195,
      "node_modules/core-js/library/modules/_object-dps.js": 196,
      "node_modules/core-js/library/modules/_html.js": 197,
      "node_modules/core-js/library/modules/_object-gpo.js": 198,
      "node_modules/core-js/library/modules/web.dom.iterable.js": 199,
      "node_modules/core-js/library/modules/es6.array.iterator.js": 200,
      "node_modules/core-js/library/modules/_add-to-unscopables.js": 201,
      "node_modules/core-js/library/modules/_iter-step.js": 202,
      "node_modules/babel-runtime/core-js/symbol.js": 203,
      "node_modules/core-js/library/fn/symbol/index.js": 204,
      "node_modules/core-js/library/modules/es6.symbol.js": 205,
      "node_modules/core-js/library/modules/_meta.js": 206,
      "node_modules/core-js/library/modules/_keyof.js": 207,
      "node_modules/core-js/library/modules/_enum-keys.js": 208,
      "node_modules/core-js/library/modules/_is-array.js": 209,
      "node_modules/core-js/library/modules/_object-gopn-ext.js": 210,
      "node_modules/core-js/library/modules/es6.object.to-string.js": 211,
      "node_modules/core-js/library/modules/es7.symbol.async-iterator.js": 212,
      "node_modules/core-js/library/modules/es7.symbol.observable.js": 213,
      "node_modules/babel-runtime/core-js/object/set-prototype-of.js": 214,
      "node_modules/core-js/library/fn/object/set-prototype-of.js": 215,
      "node_modules/core-js/library/modules/es6.object.set-prototype-of.js": 216,
      "node_modules/core-js/library/modules/_set-proto.js": 217,
      "node_modules/babel-runtime/core-js/object/create.js": 218,
      "node_modules/core-js/library/fn/object/create.js": 219,
      "node_modules/core-js/library/modules/es6.object.create.js": 220,
      "node_modules/antd-mobile/lib/icon/style/assets sync /^\\.\\/.*\\.svg$/": 221,
      "node_modules/file-loader/dist/cjs.js!node_modules/antd-mobile/lib/icon/style/assets/check-circle-o.svg": 222,
      "node_modules/file-loader/dist/cjs.js!node_modules/antd-mobile/lib/icon/style/assets/check-circle.svg": 223,
      "node_modules/file-loader/dist/cjs.js!node_modules/antd-mobile/lib/icon/style/assets/check.svg": 224,
      "node_modules/file-loader/dist/cjs.js!node_modules/antd-mobile/lib/icon/style/assets/cross-circle-o.svg": 225,
      "node_modules/file-loader/dist/cjs.js!node_modules/antd-mobile/lib/icon/style/assets/cross-circle.svg": 226,
      "node_modules/file-loader/dist/cjs.js!node_modules/antd-mobile/lib/icon/style/assets/cross.svg": 227,
      "node_modules/file-loader/dist/cjs.js!node_modules/antd-mobile/lib/icon/style/assets/down.svg": 228,
      "node_modules/file-loader/dist/cjs.js!node_modules/antd-mobile/lib/icon/style/assets/ellipsis-circle.svg": 229,
      "node_modules/file-loader/dist/cjs.js!node_modules/antd-mobile/lib/icon/style/assets/ellipsis.svg": 230,
      "node_modules/file-loader/dist/cjs.js!node_modules/antd-mobile/lib/icon/style/assets/exclamation-circle.svg": 231,
      "node_modules/file-loader/dist/cjs.js!node_modules/antd-mobile/lib/icon/style/assets/info-circle.svg": 232,
      "node_modules/file-loader/dist/cjs.js!node_modules/antd-mobile/lib/icon/style/assets/koubei-o.svg": 233,
      "node_modules/file-loader/dist/cjs.js!node_modules/antd-mobile/lib/icon/style/assets/koubei.svg": 234,
      "node_modules/file-loader/dist/cjs.js!node_modules/antd-mobile/lib/icon/style/assets/left.svg": 235,
      "node_modules/file-loader/dist/cjs.js!node_modules/antd-mobile/lib/icon/style/assets/loading.svg": 236,
      "node_modules/file-loader/dist/cjs.js!node_modules/antd-mobile/lib/icon/style/assets/question-circle.svg": 237,
      "node_modules/file-loader/dist/cjs.js!node_modules/antd-mobile/lib/icon/style/assets/right.svg": 238,
      "node_modules/file-loader/dist/cjs.js!node_modules/antd-mobile/lib/icon/style/assets/search.svg": 239,
      "node_modules/file-loader/dist/cjs.js!node_modules/antd-mobile/lib/icon/style/assets/up.svg": 240,
      "node_modules/style-loader/index.js!node_modules/css-loader/index.js!node_modules/postcss-loader/src/index.js!node_modules/less-loader/dist/cjs.js!src/components/Content/style.less": 241,
      "node_modules/css-loader/index.js!node_modules/postcss-loader/src/index.js!node_modules/less-loader/dist/cjs.js!src/components/Content/style.less": 242,
      "node_modules/style-loader/index.js!node_modules/css-loader/index.js!node_modules/postcss-loader/src/index.js!node_modules/less-loader/dist/cjs.js!src/containers/Main/style.less": 243,
      "node_modules/css-loader/index.js!node_modules/postcss-loader/src/index.js!node_modules/less-loader/dist/cjs.js!src/containers/Main/style.less": 244,
      "node_modules/style-loader/index.js!node_modules/css-loader/index.js!node_modules/postcss-loader/src/index.js!node_modules/less-loader/dist/cjs.js!src/css/resets.less": 245,
      "node_modules/css-loader/index.js!node_modules/postcss-loader/src/index.js!node_modules/less-loader/dist/cjs.js!src/css/resets.less": 246,
      "node_modules/babel-loader/lib/index.js??ref--4!src/utils/polyfill.js": 247,
      "node_modules/promise/lib/rejection-tracking.js": 248,
      "node_modules/asap/browser-raw.js": 249,
      "node_modules/promise/lib/es6-extensions.js": 250,
      "node_modules/whatwg-fetch/fetch.js": 251,
      "node_modules/babel-loader/lib/index.js??ref--4!src/app.js 21f66be55a3772ba2c96b7efa05305af": 252,
      "node_modules/babel-loader/lib/index.js??ref--4!src/containers/App/constants/index.js": 252,
      "node_modules/babel-loader/lib/index.js??ref--4!src/containers/Main/constants/index.js": 253,
      "node_modules/babel-loader/lib/index.js??ref--4!src/config/route.js 7cfd9391b6daa696b72ff122142a6c0d": 254,
      "node_modules/babel-loader/lib/index.js??ref--4!src/config/store.js e2255c8d06958b5e59429e1093a8a304": 255,
      "node_modules/babel-loader/lib/index.js??ref--4!src/app.js": 256,
      "node_modules/file-loader/dist/cjs.js!src/containers/Main/images/Thorin.jpg": 67,
      "node_modules/file-loader/dist/cjs.js!src/containers/Main/images/Orcrist.jpg": 100,
      "node_modules/schedule/index.js": 104,
      "node_modules/schedule/cjs/schedule.production.min.js": 105,
      "node_modules/scroll-behavior/lib/index.js": 145,
      "node_modules/scroll-behavior/lib/utils.js": 147,
      "node_modules/redux/es/index.js 122707e8a40ad7c5d17f3eda20784fc8": 9,
      "node_modules/react-router/es/index.js c80054af740a4816800b5d7b1d4d478e": 41,
      "node_modules/babel-loader/lib/index.js??ref--4!src/config/route.js 8014f4b14356aae762e31a7d6aec6ccd": 119,
      "node_modules/babel-loader/lib/index.js??ref--4!src/config/store.js 2f422cf3038368302e183522b8d323e0": 144
    },
    "usedIds": {
      "0": 0,
      "1": 1,
      "2": 2,
      "3": 3,
      "4": 4,
      "5": 5,
      "6": 6,
      "7": 7,
      "8": 8,
      "9": 9,
      "10": 10,
      "11": 11,
      "12": 12,
      "13": 13,
      "14": 14,
      "15": 15,
      "16": 16,
      "17": 17,
      "18": 18,
      "19": 19,
      "20": 20,
      "21": 21,
      "22": 22,
      "23": 23,
      "24": 24,
      "25": 25,
      "26": 26,
      "27": 27,
      "28": 28,
      "29": 29,
      "30": 30,
      "31": 31,
      "32": 32,
      "33": 33,
      "34": 34,
      "35": 35,
      "36": 36,
      "37": 37,
      "38": 38,
      "39": 39,
      "40": 40,
      "41": 41,
      "42": 42,
      "43": 43,
      "44": 44,
      "45": 45,
      "46": 46,
      "47": 47,
      "48": 48,
      "49": 49,
      "50": 50,
      "51": 51,
      "52": 52,
      "53": 53,
      "54": 54,
      "55": 55,
      "56": 56,
      "57": 57,
      "58": 58,
      "59": 59,
      "60": 60,
      "61": 61,
      "62": 62,
      "63": 63,
      "64": 64,
      "65": 65,
      "66": 66,
      "67": 67,
      "68": 68,
      "69": 69,
      "70": 70,
      "71": 71,
      "72": 72,
      "73": 73,
      "74": 74,
      "75": 75,
      "76": 76,
      "77": 77,
      "78": 78,
      "79": 79,
      "80": 80,
      "81": 81,
      "82": 82,
      "83": 83,
      "84": 84,
      "85": 85,
      "86": 86,
      "87": 87,
      "88": 88,
      "89": 89,
      "90": 90,
      "91": 91,
      "92": 92,
      "93": 93,
      "94": 94,
      "95": 95,
      "96": 96,
      "97": 97,
      "98": 98,
      "99": 99,
      "100": 100,
      "101": 101,
      "102": 102,
      "103": 103,
      "104": 104,
      "105": 105,
      "106": 106,
      "107": 107,
      "108": 108,
      "109": 109,
      "110": 110,
      "111": 111,
      "112": 112,
      "113": 113,
      "114": 114,
      "115": 115,
      "116": 116,
      "117": 117,
      "118": 118,
      "119": 119,
      "120": 120,
      "121": 121,
      "122": 122,
      "123": 123,
      "124": 124,
      "125": 125,
      "126": 126,
      "127": 127,
      "128": 128,
      "129": 129,
      "130": 130,
      "131": 131,
      "132": 132,
      "133": 133,
      "134": 134,
      "135": 135,
      "136": 136,
      "137": 137,
      "138": 138,
      "139": 139,
      "140": 140,
      "141": 141,
      "142": 142,
      "143": 143,
      "144": 144,
      "145": 145,
      "146": 146,
      "147": 147,
      "148": 148,
      "149": 149,
      "150": 150,
      "151": 151,
      "152": 152,
      "153": 153,
      "154": 154,
      "155": 155,
      "156": 156,
      "157": 157,
      "158": 158,
      "159": 159,
      "160": 160,
      "161": 161,
      "162": 162,
      "163": 163,
      "164": 164,
      "165": 165,
      "166": 166,
      "167": 167,
      "168": 168,
      "169": 169,
      "170": 170,
      "171": 171,
      "172": 172,
      "173": 173,
      "174": 174,
      "175": 175,
      "176": 176,
      "177": 177,
      "178": 178,
      "179": 179,
      "180": 180,
      "181": 181,
      "182": 182,
      "183": 183,
      "184": 184,
      "185": 185,
      "186": 186,
      "187": 187,
      "188": 188,
      "189": 189,
      "190": 190,
      "191": 191,
      "192": 192,
      "193": 193,
      "194": 194,
      "195": 195,
      "196": 196,
      "197": 197,
      "198": 198,
      "199": 199,
      "200": 200,
      "201": 201,
      "202": 202,
      "203": 203,
      "204": 204,
      "205": 205,
      "206": 206,
      "207": 207,
      "208": 208,
      "209": 209,
      "210": 210,
      "211": 211,
      "212": 212,
      "213": 213,
      "214": 214,
      "215": 215,
      "216": 216,
      "217": 217,
      "218": 218,
      "219": 219,
      "220": 220,
      "221": 221,
      "222": 222,
      "223": 223,
      "224": 224,
      "225": 225,
      "226": 226,
      "227": 227,
      "228": 228,
      "229": 229,
      "230": 230,
      "231": 231,
      "232": 232,
      "233": 233,
      "234": 234,
      "235": 235,
      "236": 236,
      "237": 237,
      "238": 238,
      "239": 239,
      "240": 240,
      "241": 241,
      "242": 242,
      "243": 243,
      "244": 244,
      "245": 245,
      "246": 246,
      "247": 247,
      "248": 248,
      "249": 249,
      "250": 250,
      "251": 251,
      "252": 252,
      "253": 253,
      "254": 254,
      "255": 255,
      "256": 256
    }
  },
  "chunks": {
    "byName": {
      "app": 0,
      "styles": 1,
      "vendor": 2,
      "commons": 3,
      "manifest": 4
    },
    "bySource": {},
    "usedIds": [
      0,
      1,
      2,
      3,
      4
    ]
  }
}